tags,main_category
eat_and_drink,eat_and_drink
restaurant,eat_and_drink
afghan_restaurant,eat_and_drink
african_restaurant,eat_and_drink
ethiopian_restaurant,eat_and_drink
senegalese_restaurant,eat_and_drink
south_african_restaurant,eat_and_drink
moroccan_restaurant,eat_and_drink
nigerian_restaurant,eat_and_drink
american_restaurant,eat_and_drink
arabian_restaurant,eat_and_drink
belgian_restaurant,eat_and_drink
latin_american_restaurant,eat_and_drink
argentine_restaurant,eat_and_drink
belizean_restaurant,eat_and_drink
bolivian_restaurant,eat_and_drink
brazilian_restaurant,eat_and_drink
chilean_restaurant,eat_and_drink
colombian_restaurant,eat_and_drink
costa_rican_restaurant,eat_and_drink
cuban_restaurant,eat_and_drink
ecuadorian_restaurant,eat_and_drink
guatemalan_restaurant,eat_and_drink
honduran_restaurant,eat_and_drink
mexican_restaurant,eat_and_drink
nicaraguan_restaurant,eat_and_drink
panamanian_restaurant,eat_and_drink
paraguayan_restaurant,eat_and_drink
peruvian_restaurant,eat_and_drink
puerto_rican_restaurant,eat_and_drink
salvadoran_restaurant,eat_and_drink
texmex_restaurant,eat_and_drink
uruguayan_restaurant,eat_and_drink
venezuelan_restaurant,eat_and_drink
middle_eastern_restaurant,eat_and_drink
armenian_restaurant,eat_and_drink
azerbaijani_restaurant,eat_and_drink
egyptian_restaurant,eat_and_drink
georgian_restaurant,eat_and_drink
israeli_restaurant,eat_and_drink
kofta_restaurant,eat_and_drink
kurdish_restaurant,eat_and_drink
lebanese_restaurant,eat_and_drink
persian_iranian_restaurant,eat_and_drink
syrian_restaurant,eat_and_drink
turkish_restaurant,eat_and_drink
asian_restaurant,eat_and_drink
asian_fusion_restaurant,eat_and_drink
pan_asian_restaurant,eat_and_drink
burmese_restaurant,eat_and_drink
cambodian_restaurant,eat_and_drink
chinese_restaurant,eat_and_drink
dim_sum_restaurant,eat_and_drink
filipino_restaurant,eat_and_drink
indo_chinese_restaurant,eat_and_drink
indonesian_restaurant,eat_and_drink
japanese_restaurant,eat_and_drink
korean_restaurant,eat_and_drink
sushi_restaurant,eat_and_drink
laotian_restaurant,eat_and_drink
malaysian_restaurant,eat_and_drink
mongolian_restaurant,eat_and_drink
noodles_restaurant,eat_and_drink
singaporean_restaurant,eat_and_drink
taiwanese_restaurant,eat_and_drink
thai_restaurant,eat_and_drink
vietnamese_restaurant,eat_and_drink
hong_kong_style_cafe,eat_and_drink
australian_restaurant,eat_and_drink
austrian_restaurant,eat_and_drink
bangladeshi_restaurant,eat_and_drink
indian_restaurant,eat_and_drink
basque_restaurant,eat_and_drink
british_restaurant,eat_and_drink
eastern_european_restaurant,eat_and_drink
belarusian_restaurant,eat_and_drink
bulgarian_restaurant,eat_and_drink
romanian_restaurant,eat_and_drink
tatar_restaurant,eat_and_drink
ukrainian_restaurant,eat_and_drink
french_restaurant,eat_and_drink
cajun_and_creole_restaurant,eat_and_drink
canadian_restaurant,eat_and_drink
caribbean_restaurant,eat_and_drink
dominican_restaurant,eat_and_drink
haitian_restaurant,eat_and_drink
jamaican_restaurant,eat_and_drink
trinidadian_restaurant,eat_and_drink
german_restaurant,eat_and_drink
catalan_restaurant,eat_and_drink
italian_restaurant,eat_and_drink
czech_restaurant,eat_and_drink
mediterranean_restaurant,eat_and_drink
greek_restaurant,eat_and_drink
guamanian_restaurant,eat_and_drink
hawaiian_restaurant,eat_and_drink
himalayan_nepalese_restaurant,eat_and_drink
hungarian_restaurant,eat_and_drink
iberian_restaurant,eat_and_drink
irish_restaurant,eat_and_drink
jewish_restaurant,eat_and_drink
international_restaurant,eat_and_drink
european_restaurant,eat_and_drink
oriental_restaurant,eat_and_drink
pakistani_restaurant,eat_and_drink
polish_restaurant,eat_and_drink
polynesian_restaurant,eat_and_drink
portuguese_restaurant,eat_and_drink
russian_restaurant,eat_and_drink
scandinavian_restaurant,eat_and_drink
danish_restaurant,eat_and_drink
norwegian_restaurant,eat_and_drink
scottish_restaurant,eat_and_drink
seafood_restaurant,eat_and_drink
serbo_croatian_restaurant,eat_and_drink
slovakian_restaurant,eat_and_drink
southern_restaurant,eat_and_drink
spanish_restaurant,eat_and_drink
sri_lankan_restaurant,eat_and_drink
swiss_restaurant,eat_and_drink
uzbek_restaurant,eat_and_drink
molecular_gastronomy_restaurant,eat_and_drink
haute_cuisine_restaurant,eat_and_drink
salad_bar,eat_and_drink
brasserie,eat_and_drink
buffet_restaurant,eat_and_drink
barbecue_restaurant,eat_and_drink
burger_restaurant,eat_and_drink
canteen,eat_and_drink
cafeteria,eat_and_drink
cheesesteak_restaurant,eat_and_drink
chicken_restaurant,eat_and_drink
chicken_wings_restaurant,eat_and_drink
dog_meat_restaurant,eat_and_drink
dumpling_restaurant,eat_and_drink
fast_food_restaurant,eat_and_drink
fischbrotchen_restaurant,eat_and_drink
acai_bowls,eat_and_drink
fish_restaurant,eat_and_drink
fish_and_chips_restaurant,eat_and_drink
fondue_restaurant,eat_and_drink
gluten_free_restaurant,eat_and_drink
baozi_restaurant,eat_and_drink
halal_restaurant,eat_and_drink
bistro,eat_and_drink
health_food_restaurant,eat_and_drink
kosher_restaurant,eat_and_drink
comfort_food_restaurant,eat_and_drink
meat_restaurant,eat_and_drink
curry_sausage_restaurant,eat_and_drink
diner,eat_and_drink
diy_foods_restaurant,eat_and_drink
doner_kebab,eat_and_drink
empanadas,eat_and_drink
nasi_restaurant,eat_and_drink
flatbread_restaurant,eat_and_drink
food_court,eat_and_drink
gastropub,eat_and_drink
pizza_restaurant,eat_and_drink
pop_up_restaurant,eat_and_drink
poutinerie_restaurant,eat_and_drink
vegan_restaurant,eat_and_drink
vegetarian_restaurant,eat_and_drink
wok_restaurant,eat_and_drink
wrap_restaurant,eat_and_drink
piadina_restaurant,eat_and_drink
poke_restaurant,eat_and_drink
pigs_trotters_restaurant,eat_and_drink
potato_restaurant,eat_and_drink
rotisserie_chicken_restaurant,eat_and_drink
schnitzel_restaurant,eat_and_drink
soul_food,eat_and_drink
steakhouse,eat_and_drink
supper_club,eat_and_drink
tapas_bar,eat_and_drink
venison_restaurant,eat_and_drink
wild_game_meats_restaurant,eat_and_drink
falafel_restaurant,eat_and_drink
taco_restaurant,eat_and_drink
hot_dog_restaurant,eat_and_drink
live_and_raw_food_restaurant,eat_and_drink
soup_restaurant,eat_and_drink
theme_restaurant,eat_and_drink
bar_and_grill_restaurant,eat_and_drink
meatball_restaurant,eat_and_drink
waffle_restaurant,eat_and_drink
breakfast_and_brunch_restaurant,eat_and_drink
pancake_house,eat_and_drink
bagel_restaurant,eat_and_drink
baguettes,eat_and_drink
bar,eat_and_drink
airport_lounge,eat_and_drink
beach_bar,eat_and_drink
beer_bar,eat_and_drink
beer_garden,eat_and_drink
brewery,eat_and_drink
bubble_tea,eat_and_drink
champagne_bar,eat_and_drink
cidery,eat_and_drink
cigar_bar,eat_and_drink
cocktail_bar,eat_and_drink
dive_bar,eat_and_drink
drive_thru_bar,eat_and_drink
gay_bar,eat_and_drink
hookah_bar,eat_and_drink
hotel_bar,eat_and_drink
irish_pub,eat_and_drink
kombucha,eat_and_drink
lounge,eat_and_drink
milk_bar,eat_and_drink
milkshake_bar,eat_and_drink
pub,eat_and_drink
sake_bar,eat_and_drink
speakeasy,eat_and_drink
sports_bar,eat_and_drink
sugar_shack,eat_and_drink
tabac,eat_and_drink
tiki_bar,eat_and_drink
vermouth_bar,eat_and_drink
whiskey_bar,eat_and_drink
wine_bar,eat_and_drink
smoothie_juice_bar,eat_and_drink
piano_bar,eat_and_drink
cafe,eat_and_drink
coffee_roastery,eat_and_drink
tea_room,eat_and_drink
coffee_shop,eat_and_drink
accommodation,accommodation
bed_and_breakfast,accommodation
cabin,accommodation
campground,accommodation
cottage,accommodation
guest_house,accommodation
health_retreats,accommodation
holiday_rental_home,accommodation
hostel,accommodation
hotel,accommodation
inn,accommodation
lodge,accommodation
motel,accommodation
mountain_huts,accommodation
resort,accommodation
beach_resort,accommodation
rv_park,accommodation
service_apartments,accommodation
automotive,automotive
automotive_dealer,automotive
car_buyer,automotive
car_dealer,automotive
commercial_vehicle_dealer,automotive
golf_cart_dealer,automotive
motorcycle_dealer,automotive
motorsport_vehicle_dealer,automotive
recreational_vehicle_dealer,automotive
scooter_dealers,automotive
trailer_dealer,automotive
truck_dealer,automotive
used_car_dealer,automotive
automotive_services_and_repair,automotive
auto_body_shop,automotive
auto_customization,automotive
auto_detailing,automotive
auto_electrical_repair,automotive
auto_glass_service,automotive
car_window_tinting,automotive
auto_restoration_services,automotive
auto_security,automotive
automobile_registration_service,automotive
automotive_consultant,automotive
automotive_storage_facility,automotive
brake_service_and_repair,automotive
car_inspection,automotive
car_stereo_installation,automotive
car_wash,automotive
diy_auto_shop,automotive
emissions_inspection,automotive
engine_repair_service,automotive
exhaust_and_muffler_repair,automotive
hybrid_car_repair,automotive
motorcycle_repair,automotive
motorsport_vehicle_repair,automotive
oil_change_station,automotive
recreation_vehicle_repair,automotive
roadside_assistance,automotive
emergency_roadside_service,automotive
mobile_dent_repair,automotive
tire_dealer_and_repair,automotive
transmission_repair,automotive
towing_service,automotive
trailer_repair,automotive
truck_repair,automotive
auto_upholstery,automotive
vehicle_wrap,automotive
vehicle_shipping,automotive
wheel_and_rim_repair,automotive
automotive_wheel_polishing_service,automotive
windshield_installation_and_repair,automotive
automotive_parts_and_accessories,automotive
recreational_vehicle_parts_and_accessories,automotive
car_stereo_store,automotive
motorcycle_gear,automotive
motorsports_store,automotive
interlock_system,automotive
aircraft_dealer,automotive
aircraft_repair,automotive
aircraft_parts_and_supplies,automotive
avionics_shop,automotive
boat_dealer,automotive
boat_service_and_repair,automotive
boat_parts_and_accessories,automotive
gas_station,automotive
truck_gas_station,automotive
fuel_dock,automotive
ev_charging_station,automotive
truck_stop,automotive
automobile_leasing,automotive
automotive_repair,automotive
auto_company,automotive
motorcycle_manufacturer,automotive
arts_and_entertainment,arts_and_entertainment
adult_entertainment,arts_and_entertainment
erotic_massage,arts_and_entertainment
strip_club,arts_and_entertainment
striptease_dancer,arts_and_entertainment
arcade,arts_and_entertainment
auditorium,arts_and_entertainment
bar_crawl,arts_and_entertainment
betting_center,arts_and_entertainment
bingo_hall,arts_and_entertainment
bookmakers,arts_and_entertainment
cabaret,arts_and_entertainment
carousel,arts_and_entertainment
casino,arts_and_entertainment
chamber_of_handicraft,arts_and_entertainment
choir,arts_and_entertainment
circus,arts_and_entertainment
club_crawl,arts_and_entertainment
comedy_club,arts_and_entertainment
topic_concert_venue,arts_and_entertainment
country_club,arts_and_entertainment
country_dance_hall,arts_and_entertainment
dance_club,arts_and_entertainment
dinner_theater,arts_and_entertainment
eatertainment,arts_and_entertainment
escape_rooms,arts_and_entertainment
exhibition_and_trade_center,arts_and_entertainment
glass_blowing,arts_and_entertainment
indoor_playcenter,arts_and_entertainment
internet_cafe,arts_and_entertainment
jazz_and_blues,arts_and_entertainment
karaoke,arts_and_entertainment
laser_tag,arts_and_entertainment
makerspace,arts_and_entertainment
marching_band,arts_and_entertainment
music_venue,arts_and_entertainment
musical_band_orchestras_and_symphonies,arts_and_entertainment
opera_and_ballet,arts_and_entertainment
paint_and_sip,arts_and_entertainment
paintball,arts_and_entertainment
performing_arts,arts_and_entertainment
planetarium,arts_and_entertainment
rodeo,arts_and_entertainment
salsa_club,arts_and_entertainment
wildlife_sanctuary,arts_and_entertainment
stadium_arena,arts_and_entertainment
baseball_stadium,arts_and_entertainment
basketball_stadium,arts_and_entertainment
cricket_ground,arts_and_entertainment
football_stadium,arts_and_entertainment
hockey_arena,arts_and_entertainment
rugby_stadium,arts_and_entertainment
soccer_stadium,arts_and_entertainment
tennis_stadium,arts_and_entertainment
track_stadium,arts_and_entertainment
studio_taping,arts_and_entertainment
theaters_and_performance_venues,arts_and_entertainment
theatre,arts_and_entertainment
ticket_sales,arts_and_entertainment
virtual_reality_center,arts_and_entertainment
water_park,arts_and_entertainment
cinema,arts_and_entertainment
drive_in_theater,arts_and_entertainment
outdoor_movies,arts_and_entertainment
farm,arts_and_entertainment
attraction_farm,arts_and_entertainment
orchard,arts_and_entertainment
pick_your_own_farm,arts_and_entertainment
poultry_farm,arts_and_entertainment
ranch,arts_and_entertainment
festival,arts_and_entertainment
fair,arts_and_entertainment
film_festivals_and_organizations,arts_and_entertainment
general_festivals,arts_and_entertainment
holiday_market,arts_and_entertainment
music_festivals_and_organizations,arts_and_entertainment
trade_fair,arts_and_entertainment
social_club,arts_and_entertainment
fraternal_organization,arts_and_entertainment
veterans_organization,arts_and_entertainment
supernatural_reading,arts_and_entertainment
astrologer,arts_and_entertainment
mystic,arts_and_entertainment
psychic,arts_and_entertainment
psychic_medium,arts_and_entertainment
attractions_and_activities,attractions_and_activities
amusement_park,attractions_and_activities
aquarium,attractions_and_activities
architecture,attractions_and_activities
art_gallery,attractions_and_activities
atv_rentals_and_tours,attractions_and_activities
axe_throwing,attractions_and_activities
backpacking_area,attractions_and_activities
beach,attractions_and_activities
beach_combing_area,attractions_and_activities
boat_rental_and_training,attractions_and_activities
boating_places,attractions_and_activities
bobsledding_field,attractions_and_activities
botanical_garden,attractions_and_activities
bungee_jumping_center,attractions_and_activities
canyon,attractions_and_activities
castle,attractions_and_activities
cave,attractions_and_activities
challenge_courses_center,attractions_and_activities
cliff_jumping_center,attractions_and_activities
climbing_service,attractions_and_activities
crater,attractions_and_activities
cultural_center,attractions_and_activities
fishing_charter,attractions_and_activities
flyboarding_rental,attractions_and_activities
fort,attractions_and_activities
fountain,attractions_and_activities
go_kart_track,attractions_and_activities
haunted_house,attractions_and_activities
high_gliding_center,attractions_and_activities
horseback_riding_service,attractions_and_activities
hot_air_balloons_tour,attractions_and_activities
hot_springs,attractions_and_activities
jet_skis_rental,attractions_and_activities
kiteboarding_instruction,attractions_and_activities
lake,attractions_and_activities
landmark_and_historical_building,attractions_and_activities
lighthouse,attractions_and_activities
lookout,attractions_and_activities
marina,attractions_and_activities
monument,attractions_and_activities
mountain_bike_parks,attractions_and_activities
observatory,attractions_and_activities
paddleboard_rental,attractions_and_activities
palace,attractions_and_activities
parasailing_ride_service,attractions_and_activities
plaza,attractions_and_activities
rafting_kayaking_area,attractions_and_activities
rock_climbing_spot,attractions_and_activities
ruin,attractions_and_activities
sailing_area,attractions_and_activities
sand_dune,attractions_and_activities
scavenger_hunts_provider,attractions_and_activities
sculpture_statue,attractions_and_activities
ski_area,attractions_and_activities
skyline,attractions_and_activities
sledding_rental,attractions_and_activities
snorkeling_equipment_rental,attractions_and_activities
snorkeling,attractions_and_activities
snowboarding_center,attractions_and_activities
stargazing_area,attractions_and_activities
street_art,attractions_and_activities
trail,attractions_and_activities
hiking_trail,attractions_and_activities
mountain_bike_trails,attractions_and_activities
waterfall,attractions_and_activities
surfing,attractions_and_activities
surfboard_rental,attractions_and_activities
windsurfing_center,attractions_and_activities
ziplining_center,attractions_and_activities
zoo,attractions_and_activities
petting_zoo,attractions_and_activities
museum,attractions_and_activities
art_museum,attractions_and_activities
asian_art_museum,attractions_and_activities
cartooning_museum,attractions_and_activities
contemporary_art_museum,attractions_and_activities
childrens_museum,attractions_and_activities
costume_museum,attractions_and_activities
decorative_arts_museum,attractions_and_activities
design_museum,attractions_and_activities
modern_art_museum,attractions_and_activities
photography_museum,attractions_and_activities
textile_museum,attractions_and_activities
history_museum,attractions_and_activities
civilization_museum,attractions_and_activities
community_museum,attractions_and_activities
military_museum,attractions_and_activities
national_museum,attractions_and_activities
science_museum,attractions_and_activities
computer_museum,attractions_and_activities
state_museum,attractions_and_activities
aviation_museum,attractions_and_activities
sports_museum,attractions_and_activities
park,attractions_and_activities
dog_park,attractions_and_activities
memorial_park,attractions_and_activities
national_park,attractions_and_activities
state_park,attractions_and_activities
active_life,active_life
sports_and_recreation_venue,active_life
adventure_sports_center,active_life
american_football_field,active_life
airsoft_fields,active_life
archery_range,active_life
atv_recreation_park,active_life
badminton_court,active_life
baseball_field,active_life
basketball_court,active_life
batting_cage,active_life
beach_volleyball_court,active_life
bicycle_path,active_life
bocce_ball_court,active_life
bowling_alley,active_life
bubble_soccer_field,active_life
disc_golf_course,active_life
flyboarding_center,active_life
futsal_field,active_life
golf_course,active_life
driving_range,active_life
gym,active_life
gymnastics_center,active_life
handball_court,active_life
hockey_field,active_life
horse_riding,active_life
equestrian_facility,active_life
horse_racing_track,active_life
skate_park,active_life
skating_rink,active_life
ice_skating_rink,active_life
roller_skating_rink,active_life
hang_gliding_center,active_life
kiteboarding,active_life
miniature_golf_course,active_life
paddleboarding_center,active_life
playground,active_life
pool_billiards,active_life
pool_hall,active_life
racquetball_court,active_life
rock_climbing_gym,active_life
rugby_pitch,active_life
shooting_range,active_life
sky_diving,active_life
soccer_field,active_life
squash_court,active_life
swimming_pool,active_life
tennis_court,active_life
trampoline_park,active_life
tubing_provider,active_life
volleyball_court,active_life
wildlife_hunting_range,active_life
zorbing_center,active_life
diving_center,active_life
free_diving_center,active_life
scuba_diving_center,active_life
race_track,active_life
sports_and_fitness_instruction,active_life
climbing_class,active_life
cycling_classes,active_life
golf_instructor,active_life
paddleboarding_lessons,active_life
racing_experience,active_life
rock_climbing_instructor,active_life
free_diving_instruction,active_life
scuba_diving_instruction,active_life
aerial_fitness_center,active_life
barre_classes,active_life
boot_camp,active_life
boxing_class,active_life
boxing_club,active_life
boxing_gym,active_life
cardio_classes,active_life
dance_school,active_life
ems_training,active_life
fitness_trainer,active_life
health_consultant,active_life
meditation_center,active_life
pilates_studio,active_life
qi_gong_studio,active_life
self_defense_classes,active_life
ski_and_snowboard_school,active_life
surfing_school,active_life
swimming_instructor,active_life
tai_chi_studio,active_life
yoga_instructor,active_life
yoga_studio,active_life
sports_club_and_league,active_life
amateur_sports_league,active_life
amateur_sports_team,active_life
beach_volleyball_club,active_life
esports_league,active_life
esports_team,active_life
fencing_club,active_life
fishing_club,active_life
football_club,active_life
go_kart_club,active_life
gymnastics_club,active_life
lawn_bowling_club,active_life
nudist_clubs,active_life
paddle_tennis_club,active_life
professional_sports_league,active_life
professional_sports_team,active_life
rowing_club,active_life
sailing_club,active_life
school_sports_league,active_life
school_sports_team,active_life
soccer_club,active_life
surf_lifesaving_club,active_life
table_tennis_club,active_life
volleyball_club,active_life
golf_club,active_life
indoor_golf_center,active_life
martial_arts_club,active_life
brazilian_jiu_jitsu_club,active_life
chinese_martial_arts_club,active_life
karate_club,active_life
kickboxing_club,active_life
muay_thai_club,active_life
taekwondo_club,active_life
sports_and_recreation_rental_and_services,active_life
beach_equipment_rentals,active_life
bike_rentals,active_life
canoe_and_kayak_hire_service,active_life
scooter_rental,active_life
sport_equipment_rentals,active_life
beauty_and_spa,beauty_and_spa
aromatherapy,beauty_and_spa
beauty_salon,beauty_and_spa
acne_treatment,beauty_and_spa
barber,beauty_and_spa
eyebrow_service,beauty_and_spa
eyelash_service,beauty_and_spa
foot_care,beauty_and_spa
hair_extensions,beauty_and_spa
hair_loss_center,beauty_and_spa
hair_replacement,beauty_and_spa
health_spa,beauty_and_spa
makeup_artist,beauty_and_spa
massage,beauty_and_spa
nail_salon,beauty_and_spa
onsen,beauty_and_spa
permanent_makeup,beauty_and_spa
tattoo_and_piercing,beauty_and_spa
piercing,beauty_and_spa
tattoo,beauty_and_spa
public_bath_houses,beauty_and_spa
teeth_whitening,beauty_and_spa
turkish_baths,beauty_and_spa
hair_removal,beauty_and_spa
laser_hair_removal,beauty_and_spa
sugaring,beauty_and_spa
threading_service,beauty_and_spa
waxing,beauty_and_spa
hair_salon,beauty_and_spa
blow_dry_blow_out_service,beauty_and_spa
hair_stylist,beauty_and_spa
kids_hair_salon,beauty_and_spa
spas,beauty_and_spa
medical_spa,beauty_and_spa
day_spa,beauty_and_spa
skin_care,beauty_and_spa
esthetician,beauty_and_spa
tanning_salon,beauty_and_spa
spray_tanning,beauty_and_spa
tanning_bed,beauty_and_spa
image_consultant,beauty_and_spa
education,education
adult_education,education
board_of_education_offices,education
campus_building,education
college_counseling,education
college_university,education
architecture_schools,education
business_schools,education
engineering_schools,education
law_schools,education
medical_sciences_schools,education
dentistry_schools,education
pharmacy_schools,education
veterinary_schools,education
science_schools,education
educational_research_institute,education
educational_services,education
archaeological_services,education
educational_camp,education
private_tutor,education
school,education
charter_school,education
elementary_school,education
high_school,education
middle_school,education
montessori_school,education
preschool,education
private_school,education
public_school,education
religious_school,education
waldorf_school,education
school_district_offices,education
specialty_school,education
art_school,education
bartending_school,education
cheerleading,education
childbirth_education,education
circus_school,education
computer_coaching,education
cooking_school,education
cosmetology_school,education
cpr_classes,education
drama_school,education
driving_school,education
dui_school,education
firearm_training,education
first_aid_class,education
flight_school,education
food_safety_training,education
language_school,education
massage_school,education
medical_school,education
music_school,education
nursing_school,education
parenting_classes,education
photography_classes,education
speech_training,education
sports_school,education
traffic_school,education
vocational_and_technical_school,education
student_union,education
tasting_classes,education
cheese_tasting_classes,education
wine_tasting_classes,education
test_preparation,education
tutoring_center,education
civil_examinations_academy,education
financial_service,financial_service
accountant,financial_service
atms,financial_service
bank_credit_union,financial_service
banks,financial_service
credit_union,financial_service
brokers,financial_service
business_brokers,financial_service
stock_and_bond_brokers,financial_service
business_banking_service,financial_service
business_financing,financial_service
check_cashing_payday_loans,financial_service
coin_dealers,financial_service
collection_agencies,financial_service
credit_and_debt_counseling,financial_service
currency_exchange,financial_service
debt_relief_services,financial_service
financial_advising,financial_service
holding_companies,financial_service
investment_management_company,financial_service
installment_loans,financial_service
mortgage_lender,financial_service
auto_loan_provider,financial_service
insurance_agency,financial_service
auto_insurance,financial_service
farm_insurance,financial_service
fidelity_and_surety_bonds,financial_service
home_and_rental_insurance,financial_service
life_insurance,financial_service
investing,financial_service
money_transfer_services,financial_service
tax_services,financial_service
trusts,financial_service
private_establishments_and_corporates,private_establishments_and_corporates
corporate_entertainment_services,private_establishments_and_corporates
corporate_gift_supplier,private_establishments_and_corporates
corporate_office,private_establishments_and_corporates
private_equity_firm,private_establishments_and_corporates
retail,retail
food,retail
back_shop,retail
bagel_shop,retail
bakery,retail
flatbread,retail
beer_wine_and_spirits,retail
box_lunch_supplier,retail
patisserie_cake_shop,retail
chimney_cake_shop,retail
cupcake_shop,retail
custom_cakes_shop,retail
coffee_and_tea_supplies,retail
csa_farm,retail
desserts,retail
donuts,retail
fishmonger,retail
food_delivery_service,retail
food_stand,retail
food_truck,retail
friterie,retail
health_food_store,retail
ice_cream_and_frozen_yoghurt,retail
gelato,retail
ice_cream_shop,retail
frozen_yoghurt_shop,retail
shaved_ice_shop,retail
shaved_snow_shop,retail
imported_food,retail
kiosk,retail
liquor_store,retail
mulled_wine,retail
pie_shop,retail
pretzels,retail
sandwich_shop,retail
smokehouse,retail
street_vendor,retail
pizza_delivery_service,retail
specialty_foods,retail
delicatessen,retail
frozen_foods,retail
indian_sweets_shop,retail
macarons,retail
pasta_shop,retail
winery,retail
wine_tasting_room,retail
auto_parts_and_supply_store,retail
beverage_store,retail
boat_parts_and_supply_store,retail
butcher_shop,retail
candy_store,retail
japanese_confectionery_shop,retail
carpet_store,retail
cheese_shop,retail
chocolatier,retail
distillery,retail
drugstore,retail
flooring_store,retail
fruits_and_vegetables,retail
health_market,retail
hearing_aid_provider,retail
herb_and_spice_shop,retail
honey_farm_shop,retail
meat_shop,retail
olive_oil,retail
party_supply,retail
pharmacy,retail
popcorn_shop,retail
seafood_market,retail
water_store,retail
shopping,retail
arts_and_crafts,retail
art_supply_store,retail
atelier,retail
cooking_classes,retail
costume_store,retail
craft_shop,retail
embroidery_and_crochet,retail
fabric_store,retail
framing_store,retail
handicraft_shop,retail
paint_your_own_pottery,retail
books_mags_music_and_video,retail
bookstore,retail
academic_bookstore,retail
comic_books_store,retail
music_and_dvd_store,retail
newspaper_and_magazines_store,retail
video_and_video_game_rentals,retail
video_game_store,retail
vinyl_record_store,retail
building_supply_store,retail
lumber_store,retail
fashion,retail
clothing_store,retail
ceremonial_clothing,retail
childrens_clothing_store,retail
clothing_rental,retail
denim_wear_store,retail
designer_clothing,retail
formal_wear_store,retail
fur_clothing,retail
lingerie_store,retail
maternity_wear,retail
mens_clothing_store,retail
t_shirt_store,retail
custom_t_shirt_store,retail
traditional_clothing,retail
womens_clothing_store,retail
fashion_accessories_store,retail
hat_shop,retail
leather_goods,retail
plus_size_clothing,retail
saree_shop,retail
sleepwear,retail
stocking,retail
used_vintage_and_consignment,retail
handbag_stores,retail
shoe_store,retail
orthopedic_shoe_store,retail
cosmetic_and_beauty_supplies,retail
hair_supply_stores,retail
eyewear_and_optician,retail
sunglasses_store,retail
farming_equipment_store,retail
forklift_dealer,retail
flowers_and_gifts_shop,retail
florist,retail
gift_shop,retail
grocery_store,retail
specialty_grocery_store,retail
asian_grocery_store,retail
dairy_stores,retail
ethical_grocery,retail
indian_grocery_store,retail
japanese_grocery_store,retail
korean_grocery_store,retail
kosher_grocery_store,retail
mexican_grocery_store,retail
organic_grocery_store,retail
rice_shop,retail
russian_grocery_store,retail
home_and_garden,retail
hardware_store,retail
welding_supply_store,retail
appliance_store,retail
bedding_and_bath_stores,retail
candle_store,retail
christmas_trees,retail
electrical_supply_store,retail
furniture_accessory_store,retail
furniture_store,retail
grilling_equipment,retail
holiday_decor,retail
home_decor,retail
home_goods_store,retail
home_improvement_store,retail
hot_tubs_and_pools,retail
lawn_mower_store,retail
lighting_store,retail
linen,retail
mattress_store,retail
nursery_and_gardening,retail
outdoor_furniture_store,retail
paint_store,retail
playground_equipment_supplier,retail
pumpkin_patch,retail
rug_store,retail
tableware_supplier,retail
tile_store,retail
wallpaper_store,retail
window_treatment_store,retail
woodworking_supply_store,retail
kitchen_and_bath,retail
bathroom_fixture_stores,retail
kitchen_supply_store,retail
hydroponic_gardening,retail
medical_supply,retail
dental_supply_store,retail
hearing_aids,retail
pet_store,retail
bird_shop,retail
aquatic_pet_store,retail
reptile_shop,retail
adult_store,retail
agricultural_seed_store,retail
antique_store,retail
army_and_navy_store,retail
auction_house,retail
car_auction,retail
baby_gear_and_furniture,retail
battery_store,retail
bazaars,retail
boutique,retail
brewing_supply_store,retail
bridal_shop,retail
cannabis_dispensary,retail
cards_and_stationery_store,retail
computer_store,retail
concept_shop,retail
convenience_store,retail
custom_clothing,retail
customized_merchandise,retail
department_store,retail
discount_store,retail
do_it_yourself_store,retail
drone_store,retail
duty_free_shop,retail
educational_supply_store,retail
electronics,retail
farmers_market,retail
firework_retailer,retail
fitness_exercise_equipment,retail
flea_market,retail
flower_markets,retail
gemstone_and_mineral,retail
gold_buyer,retail
guitar_store,retail
gun_and_ammo,retail
herbal_shop,retail
audio_visual_equipment_store,retail
hobby_shop,retail
home_theater_systems_stores,retail
horse_equipment_shop,retail
international_grocery_store,retail
jewelry_store,retail
knitting_supply,retail
livestock_feed_and_supply_store,retail
luggage_store,retail
market_stall,retail
military_surplus_store,retail
mobile_phone_accessories,retail
mobile_phone_store,retail
musical_instrument_store,retail
night_market,retail
office_equipment,retail
online_shop,retail
outlet_store,retail
packing_supply,retail
pawn_shop,retail
pen_store,retail
perfume_store,retail
personal_shopper,retail
photography_store_and_services,retail
piano_store,retail
pool_and_billiards,retail
pop_up_shop,retail
props,retail
public_market,retail
religious_items,retail
rental_kiosks,retail
safe_store,retail
safety_equipment,retail
shopping_center,retail
shopping_passage,retail
souvenir_shop,retail
spiritual_shop,retail
supermarket,retail
superstore,retail
tabletop_games,retail
thrift_store,retail
tobacco_shop,retail
toy_store,retail
trophy_shop,retail
uniform_store,retail
used_bookstore,retail
e_cigarette_store,retail
vitamins_and_supplements,retail
watch_store,retail
wholesale_store,retail
wig_store,retail
sporting_goods,retail
archery_shop,retail
bicycle_shop,retail
dive_shop,retail
golf_equipment,retail
hockey_equipment,retail
hunting_and_fishing_supplies,retail
outdoor_gear,retail
skate_shop,retail
ski_and_snowboard_shop,retail
sports_wear,retail
dance_wear,retail
surf_shop,retail
swimwear_store,retail
tire_shop,retail
tire_repair_shop,retail
health_and_medical,health_and_medical
abuse_and_addiction_treatment,health_and_medical
alcohol_and_drug_treatment_centers,health_and_medical
crisis_intervention_services,health_and_medical
eating_disorder_treatment_centers,health_and_medical
counseling_and_mental_health,health_and_medical
family_counselor,health_and_medical
marriage_or_relationship_counselor,health_and_medical
psychoanalyst,health_and_medical
psychologist,health_and_medical
psychotherapist,health_and_medical
sex_therapist,health_and_medical
sophrologist,health_and_medical
sports_psychologist,health_and_medical
stress_management_services,health_and_medical
suicide_prevention_services,health_and_medical
dental_hygienist,health_and_medical
mobile_clinic,health_and_medical
storefront_clinic,health_and_medical
dentist,health_and_medical
cosmetic_dentist,health_and_medical
endodontist,health_and_medical
general_dentistry,health_and_medical
oral_surgeon,health_and_medical
orthodontist,health_and_medical
pediatric_dentist,health_and_medical
periodontist,health_and_medical
diagnostic_services,health_and_medical
diagnostic_imaging,health_and_medical
laboratory_testing,health_and_medical
doctor,health_and_medical
allergist,health_and_medical
anesthesiologist,health_and_medical
audiologist,health_and_medical
cardiologist,health_and_medical
cosmetic_surgeon,health_and_medical
dermatologist,health_and_medical
ear_nose_and_throat,health_and_medical
emergency_medicine,health_and_medical
endocrinologist,health_and_medical
endoscopist,health_and_medical
family_practice,health_and_medical
fertility,health_and_medical
gastroenterologist,health_and_medical
geneticist,health_and_medical
gerontologist,health_and_medical
hepatologist,health_and_medical
homeopathic_medicine,health_and_medical
hospitalist,health_and_medical
immunodermatologist,health_and_medical
infectious_disease_specialist,health_and_medical
naturopathic_holistic,health_and_medical
nephrologist,health_and_medical
neurologist,health_and_medical
neurotologist,health_and_medical
neuropathologist,health_and_medical
obstetrician_and_gynecologist,health_and_medical
oncologist,health_and_medical
orthopedist,health_and_medical
osteopathic_physician,health_and_medical
otologist,health_and_medical
pain_management,health_and_medical
pathologist,health_and_medical
phlebologist,health_and_medical
physician_assistant,health_and_medical
plastic_surgeon,health_and_medical
podiatrist,health_and_medical
preventive_medicine,health_and_medical
proctologist,health_and_medical
pulmonologist,health_and_medical
radiologist,health_and_medical
rheumatologist,health_and_medical
spine_surgeon,health_and_medical
sports_medicine,health_and_medical
tattoo_removal,health_and_medical
toxicologist,health_and_medical
tropical_medicine,health_and_medical
undersea_hyperbaric_medicine,health_and_medical
urologist,health_and_medical
vascular_medicine,health_and_medical
geriatric_medicine,health_and_medical
geriatric_psychiatry,health_and_medical
abortion_clinic,health_and_medical
acupuncture,health_and_medical
aesthetician,health_and_medical
alcohol_and_drug_treatment_center,health_and_medical
alternative_medicine,health_and_medical
ambulance_and_ems_services,health_and_medical
animal_assisted_therapy,health_and_medical
assisted_living_facility,health_and_medical
ayurveda,health_and_medical
behavior_analyst,health_and_medical
blood_and_plasma_donation_center,health_and_medical
body_contouring,health_and_medical
cancer_treatment_center,health_and_medical
cannabis_clinic,health_and_medical
cannabis_collective,health_and_medical
childrens_hospital,health_and_medical
chiropractor,health_and_medical
colonics,health_and_medical
community_health_center,health_and_medical
concierge_medicine,health_and_medical
cryotherapy,health_and_medical
dialysis_clinic,health_and_medical
dietitian,health_and_medical
doula,health_and_medical
emergency_room,health_and_medical
environmental_medicine,health_and_medical
eye_care_clinic,health_and_medical
float_spa,health_and_medical
halfway_house,health_and_medical
halotherapy,health_and_medical
health_and_wellness_club,health_and_medical
health_coach,health_and_medical
health_department,health_and_medical
health_insurance_office,health_and_medical
hospice,health_and_medical
hospital,health_and_medical
hydrotherapy,health_and_medical
hypnosis_hypnotherapy,health_and_medical
iv_hydration,health_and_medical
lactation_services,health_and_medical
laser_eye_surgery_lasik,health_and_medical
lice_treatment,health_and_medical
massage_therapy,health_and_medical
maternity_centers,health_and_medical
medical_cannabis_referral,health_and_medical
medical_service_organizations,health_and_medical
medical_transportation,health_and_medical
memory_care,health_and_medical
midwife,health_and_medical
nurse_practitioner,health_and_medical
nutritionist,health_and_medical
occupational_medicine,health_and_medical
occupational_therapy,health_and_medical
optometrist,health_and_medical
organ_and_tissue_donor_service,health_and_medical
orthotics,health_and_medical
oxygen_bar,health_and_medical
paternity_tests_and_services,health_and_medical
physical_therapy,health_and_medical
placenta_encapsulation_service,health_and_medical
podiatry,health_and_medical
prenatal_perinatal_care,health_and_medical
prosthetics,health_and_medical
prosthodontist,health_and_medical
psychomotor_therapist,health_and_medical
public_health_clinic,health_and_medical
reflexology,health_and_medical
reiki,health_and_medical
sauna,health_and_medical
skilled_nursing,health_and_medical
sleep_specialist,health_and_medical
speech_therapist,health_and_medical
sperm_clinic,health_and_medical
surgical_center,health_and_medical
ultrasound_imaging_center,health_and_medical
urgent_care_clinic,health_and_medical
weight_loss_center,health_and_medical
wellness_program,health_and_medical
womens_health_clinic,health_and_medical
internal_medicine,health_and_medical
hematology,health_and_medical
medical_center,health_and_medical
bulk_billing,health_and_medical
osteopath,health_and_medical
walk_in_clinic,health_and_medical
ophthalmologist,health_and_medical
retina_specialist,health_and_medical
pediatrician,health_and_medical
pediatric_anesthesiology,health_and_medical
pediatric_cardiology,health_and_medical
pediatric_endocrinology,health_and_medical
pediatric_gastroenterology,health_and_medical
pediatric_infectious_disease,health_and_medical
pediatric_nephrology,health_and_medical
pediatric_neurology,health_and_medical
pediatric_oncology,health_and_medical
pediatric_orthopedic_surgery,health_and_medical
pediatric_pulmonology,health_and_medical
pediatric_radiology,health_and_medical
pediatric_surgery,health_and_medical
personal_care_service,health_and_medical
home_health_care,health_and_medical
psychiatrist,health_and_medical
child_psychiatrist,health_and_medical
rehabilitation_center,health_and_medical
addiction_rehabilitation_center,health_and_medical
surgeon,health_and_medical
cardiovascular_and_thoracic_surgeon,health_and_medical
traditional_chinese_medicine,health_and_medical
tui_na,health_and_medical
pets,pets
pet_services,pets
animal_hospital,pets
animal_physical_therapy,pets
aquarium_services,pets
dog_walkers,pets
emergency_pet_hospital,pets
farrier_services,pets
holistic_animal_care,pets
pet_breeder,pets
pet_cemetery_and_crematorium_services,pets
pet_groomer,pets
pet_hospice,pets
pet_insurance,pets
pet_photography,pets
pet_sitting,pets
pet_transportation,pets
pet_waste_removal,pets
pet_boarding,pets
pet_training,pets
dog_trainer,pets
horse_trainer,pets
animal_rescue_service,pets
animal_shelter,pets
horse_boarding,pets
pet_adoption,pets
veterinarian,pets
business_to_business,business_to_business
business,business_to_business
travel_company,business_to_business
ferry_boat_company,business_to_business
airline,business_to_business
food_beverage_service_distribution,business_to_business
bottled_water_company,business_to_business
tobacco_company,business_to_business
clothing_company,business_to_business
bags_luggage_company,business_to_business
hotel_supply_service,business_to_business
commercial_industrial,business_to_business
inventory_control_service,business_to_business
industrial_company,business_to_business
automation_services,business_to_business
occupational_safety,business_to_business
b2b_agriculture_and_food,business_to_business
agricultural_service,business_to_business
agricultural_cooperatives,business_to_business
agriculture,business_to_business
agricultural_engineering_service,business_to_business
apiaries_and_beekeepers,business_to_business
b2b_dairies,business_to_business
b2b_food_products,business_to_business
fish_farms_and_hatcheries,business_to_business
fish_farm,business_to_business
livestock_breeder,business_to_business
livestock_dealers,business_to_business
poultry_farming,business_to_business
b2b_farming,business_to_business
b2b_farms,business_to_business
pig_farm,business_to_business
dairy_farm,business_to_business
urban_farm,business_to_business
farming_services,business_to_business
farm_equipment_and_supply,business_to_business
fertilizer_store,business_to_business
grain_elevators,business_to_business
greenhouses,business_to_business
irrigation_companies,business_to_business
crops_production,business_to_business
grain_production,business_to_business
orchards_production,business_to_business
business_manufacturing_and_supply,business_to_business
mattress_manufacturing,business_to_business
glass_manufacturer,business_to_business
appliance_manufacturer,business_to_business
aircraft_manufacturer,business_to_business
b2b_autos_and_vehicles,business_to_business
auto_manufacturers_and_distributors,business_to_business
b2b_tires,business_to_business
b2b_furniture_and_housewares,business_to_business
furniture_manufacturers,business_to_business
furniture_wholesalers,business_to_business
b2b_machinery_and_tools,business_to_business
b2b_equipment_maintenance_and_repair,business_to_business
industrial_equipment,business_to_business
abrasives_supplier,business_to_business
aggregate_supplier,business_to_business
aluminum_supplier,business_to_business
b2b_apparel,business_to_business
b2b_electronic_equipment,business_to_business
b2b_hardware,business_to_business
b2b_jewelers,business_to_business
b2b_rubber_and_plastics,business_to_business
plastic_company,business_to_business
plastic_manufacturer,business_to_business
b2b_sporting_and_recreation_goods,business_to_business
b2b_textiles,business_to_business
battery_inverter_supplier,business_to_business
bearing_supplier,business_to_business
casting_molding_and_machining,business_to_business
cement_supplier,business_to_business
chemical_plant,business_to_business
cleaning_products_supplier,business_to_business
cosmetic_products_manufacturer,business_to_business
drinking_water_dispenser,business_to_business
fastener_supplier,business_to_business
granite_supplier,business_to_business
hvac_supplier,business_to_business
jewelry_and_watches_manufacturer,business_to_business
jewelry_manufacturer,business_to_business
leather_products_manufacturer,business_to_business
lighting_fixture_manufacturers,business_to_business
pipe_supplier,business_to_business
plastic_fabrication_company,business_to_business
plastic_injection_molding_workshop,business_to_business
printing_equipment_and_supply,business_to_business
retaining_wall_supplier,business_to_business
sand_and_gravel_supplier,business_to_business
scale_supplier,business_to_business
seal_and_hanko_dealers,business_to_business
shoe_factory,business_to_business
spring_supplier,business_to_business
stone_supplier,business_to_business
turnery,business_to_business
window_supplier,business_to_business
metals,business_to_business
metal_supplier,business_to_business
metal_plating_service,business_to_business
metal_fabricator,business_to_business
iron_and_steel_industry,business_to_business
iron_work,business_to_business
scrap_metals,business_to_business
sheet_metal,business_to_business
steel_fabricators,business_to_business
mills,business_to_business
cotton_mill,business_to_business
flour_mill,business_to_business
paper_mill,business_to_business
rice_mill,business_to_business
saw_mill,business_to_business
textile_mill,business_to_business
weaving_mill,business_to_business
wood_and_pulp,business_to_business
logging_equipment_and_supplies,business_to_business
logging_services,business_to_business
logging_contractor,business_to_business
b2b_medical_support_services,business_to_business
biotechnology_company,business_to_business
clinical_laboratories,business_to_business
dental_laboratories,business_to_business
hospital_equipment_and_supplies,business_to_business
medical_research_and_development,business_to_business
pharmaceutical_companies,business_to_business
surgical_appliances_and_supplies,business_to_business
b2b_science_and_technology,business_to_business
b2b_scientific_equipment,business_to_business
research_institute,business_to_business
scientific_laboratories,business_to_business
business_advertising,business_to_business
business_signage,business_to_business
direct_mail_advertising,business_to_business
marketing_consultant,business_to_business
newspaper_advertising,business_to_business
outdoor_advertising,business_to_business
promotional_products_and_services,business_to_business
publicity_service,business_to_business
radio_and_television_commercials,business_to_business
telemarketing_services,business_to_business
business_equipment_and_supply,business_to_business
beauty_product_supplier,business_to_business
beverage_supplier,business_to_business
business_office_supplies_and_stationery,business_to_business
electronic_parts_supplier,business_to_business
energy_equipment_and_solution,business_to_business
hydraulic_equipment_supplier,business_to_business
laboratory_equipment_supplier,business_to_business
thread_supplier,business_to_business
vending_machine_supplier,business_to_business
water_softening_equipment_supplier,business_to_business
wholesaler,business_to_business
wholesale_grocer,business_to_business
spices_wholesaler,business_to_business
computer_wholesaler,business_to_business
electrical_wholesaler,business_to_business
fabric_wholesaler,business_to_business
fitness_equipment_wholesaler,business_to_business
fmcg_wholesaler,business_to_business
footwear_wholesaler,business_to_business
greengrocer,business_to_business
industrial_spares_and_products_wholesaler,business_to_business
iron_and_steel_store,business_to_business
lingerie_wholesaler,business_to_business
meat_wholesaler,business_to_business
optical_wholesaler,business_to_business
pharmaceutical_products_wholesaler,business_to_business
produce_wholesaler,business_to_business
seafood_wholesaler,business_to_business
tea_wholesaler,business_to_business
threads_and_yarns_wholesaler,business_to_business
tools_wholesaler,business_to_business
wholesale_florist,business_to_business
wine_wholesaler,business_to_business
restaurant_wholesale,business_to_business
restaurant_equipment_and_supply,business_to_business
business_storage_and_transportation,business_to_business
motor_freight_trucking,business_to_business
pipeline_transportation,business_to_business
railroad_freight,business_to_business
b2b_storage_and_warehouses,business_to_business
warehouse_rental_services_and_yards,business_to_business
warehouses,business_to_business
freight_and_cargo_service,business_to_business
distribution_services,business_to_business
freight_forwarding_agency,business_to_business
trucks_and_industrial_vehicles,business_to_business
b2b_forklift_dealers,business_to_business
b2b_tractor_dealers,business_to_business
b2b_truck_equipment_parts_and_accessories,business_to_business
truck_dealer_for_businesses,business_to_business
truck_repair_and_services_for_businesses,business_to_business
business_to_business_services,business_to_business
agricultural_production,business_to_business
audio_visual_production_and_design,business_to_business
boat_builder,business_to_business
business_records_storage_and_management,business_to_business
coworking_space,business_to_business
domestic_business_and_trade_organizations,business_to_business
human_resource_services,business_to_business
information_technology_company,business_to_business
laser_cutting_service_provider,business_to_business
telecommunications_company,business_to_business
tower_communication_service,business_to_business
transcription_services,business_to_business
translating_and_interpreting_services,business_to_business
consultant_and_general_service,business_to_business
food_consultant,business_to_business
business_management_services,business_to_business
executive_search_consultants,business_to_business
manufacturing_and_industrial_consultant,business_to_business
secretarial_services,business_to_business
manufacturers_agents_and_representatives,business_to_business
environmental_and_ecological_services_for_businesses,business_to_business
b2b_cleaning_and_waste_management,business_to_business
water_treatment_equipment_and_services,business_to_business
energy_management_and_conservation_consultants,business_to_business
environmental_conservation_and_ecological_organizations,business_to_business
environmental_renewable_natural_resource,business_to_business
forestry_consultants,business_to_business
geological_services,business_to_business
food_and_beverage_exporter,business_to_business
background_check_services,business_to_business
international_business_and_trade_services,business_to_business
importer_and_exporter,business_to_business
exporters,business_to_business
importers,business_to_business
restaurant_management,business_to_business
b2b_energy_and_mining,business_to_business
mining,business_to_business
coal_and_coke,business_to_business
quarries,business_to_business
oil_and_gas,business_to_business
b2b_oil_and_gas_extraction_and_services,business_to_business
oil_and_gas_exploration_and_development,business_to_business
oil_and_gas_field_equipment_and_services,business_to_business
oil_refiners,business_to_business
power_plants_and_power_plant_service,business_to_business
public_service_and_government,public_service_and_government
energy_company,public_service_and_government
electric_utility_provider,public_service_and_government
public_utility_company,public_service_and_government
law_enforcement,public_service_and_government
organization,public_service_and_government
agriculture_association,public_service_and_government
environmental_conservation_organization,public_service_and_government
home_organization,public_service_and_government
labor_union,public_service_and_government
non_governmental_association,public_service_and_government
political_organization,public_service_and_government
private_association,public_service_and_government
public_and_government_association,public_service_and_government
social_service_organizations,public_service_and_government
charity_organization,public_service_and_government
food_banks,public_service_and_government
foster_care_services,public_service_and_government
gay_and_lesbian_services_organization,public_service_and_government
homeless_shelter,public_service_and_government
housing_authorities,public_service_and_government
senior_citizen_services,public_service_and_government
social_and_human_services,public_service_and_government
social_welfare_center,public_service_and_government
volunteer_association,public_service_and_government
child_protection_service,public_service_and_government
youth_organizations,public_service_and_government
community_services_non_profits,public_service_and_government
disability_services_and_support_organization,public_service_and_government
government_services,public_service_and_government
social_security_services,public_service_and_government
jail_and_prison,public_service_and_government
juvenile_detention_center,public_service_and_government
post_office,public_service_and_government
shipping_collection_services,public_service_and_government
public_toilet,public_service_and_government
armed_forces_branch,public_service_and_government
central_government_office,public_service_and_government
chambers_of_commerce,public_service_and_government
children_hall,public_service_and_government
civic_center,public_service_and_government
community_center,public_service_and_government
courthouse,public_service_and_government
department_of_motor_vehicles,public_service_and_government
department_of_social_service,public_service_and_government
embassy,public_service_and_government
family_service_center,public_service_and_government
federal_government_offices,public_service_and_government
fire_department,public_service_and_government
immigration_and_naturalization,public_service_and_government
library,public_service_and_government
local_and_state_government_offices,public_service_and_government
low_income_housing,public_service_and_government
national_security_services,public_service_and_government
office_of_vital_records,public_service_and_government
pension,public_service_and_government
police_department,public_service_and_government
political_party_office,public_service_and_government
railway_service,public_service_and_government
registry_office,public_service_and_government
retirement_home,public_service_and_government
scout_hall,public_service_and_government
tax_office,public_service_and_government
town_hall,public_service_and_government
unemployment_office,public_service_and_government
weather_station,public_service_and_government
religious_organization,religious_organization
church_cathedral,religious_organization
anglican_church,religious_organization
baptist_church,religious_organization
catholic_church,religious_organization
episcopal_church,religious_organization
evangelical_church,religious_organization
jehovahs_witness_kingdom_hall,religious_organization
pentecostal_church,religious_organization
mission,religious_organization
buddhist_temple,religious_organization
convents_and_monasteries,religious_organization
hindu_temple,religious_organization
mosque,religious_organization
religious_destination,religious_organization
shinto_shrines,religious_organization
sikh_temple,religious_organization
synagogue,religious_organization
temple,religious_organization
real_estate,real_estate
real_estate_investment,real_estate
builders,real_estate
home_developer,real_estate
apartments,real_estate
art_space_rental,real_estate
commercial_real_estate,real_estate
condominium,real_estate
display_home_center,real_estate
estate_liquidation,real_estate
holiday_park,real_estate
home_staging,real_estate
homeowner_association,real_estate
housing_cooperative,real_estate
kitchen_incubator,real_estate
mobile_home_dealer,real_estate
mobile_home_park,real_estate
mortgage_broker,real_estate
property_management,real_estate
shared_office_space,real_estate
university_housing,real_estate
real_estate_agent,real_estate
apartment_agent,real_estate
real_estate_service,real_estate
escrow_services,real_estate
land_surveying,real_estate
real_estate_photography,real_estate
rental_services,real_estate
travel,travel
airport,travel
airport_terminal,travel
balloon_ports,travel
domestic_airports,travel
gliderports,travel
heliports,travel
major_airports,travel
seaplane_bases,travel
ultralight_airports,travel
travel_services,travel
passport_and_visa_services,travel
visa_agent,travel
travel_agents,travel
sightseeing_tour_agency,travel
luggage_storage,travel
visitor_center,travel
road_structures_and_services,travel
rest_areas,travel
toll_stations,travel
tours,travel
aerial_tours,travel
architectural_tours,travel
art_tours,travel
beer_tours,travel
bike_tours,travel
boat_tours,travel
bus_tours,travel
cannabis_tour,travel
food_tours,travel
historical_tours,travel
scooter_tours,travel
walking_tours,travel
whale_watching_tours,travel
wine_tours,travel
transportation,travel
trains,travel
train_station,travel
airlines,travel
airport_shuttles,travel
bicycle_sharing_location,travel
bike_parking,travel
bike_sharing,travel
bus_service,travel
bus_station,travel
cable_car_service,travel
car_sharing,travel
coach_bus,travel
ferry_service,travel
light_rail_and_subway_stations,travel
limo_services,travel
metro_station,travel
motorcycle_parking,travel
park_and_rides,travel
parking,travel
pedicab_service,travel
private_jet_charters,travel
public_transportation,travel
ride_sharing,travel
taxi_rank,travel
taxi_service,travel
town_car_service,travel
transport_interchange,travel
water_taxi,travel
agriturismo,travel
airline_ticket_agency,travel
bus_ticket_agency,travel
rental_service,travel
car_rental_agency,travel
motorcycle_rentals,travel
rv_rentals,travel
trailer_rentals,travel
truck_rentals,travel
country_house,travel
houseboat,travel
railway_ticket_agent,travel
rest_stop,travel
ryokan,travel
self_catering_accommodation,travel
ski_resort,travel
vacation_rental_agents,travel
mass_media,mass_media
print_media,mass_media
media_critic,mass_media
movie_critic,mass_media
music_critic,mass_media
video_game_critic,mass_media
media_news_company,mass_media
media_agency,mass_media
radio_station,mass_media
television_station,mass_media
weather_forecast_services,mass_media
animation_studio,mass_media
book_magazine_distribution,mass_media
broadcasting_media_production,mass_media
game_publisher,mass_media
movie_television_studio,mass_media
music_production,mass_media
topic_publisher,mass_media
social_media_company,mass_media
media_news_website,mass_media
media_restoration_service,mass_media
art_restoration,mass_media
theatrical_productions,mass_media
home_service,home_service
ceiling_and_roofing_repair_and_service,home_service
ceiling_service,home_service
roofing,home_service
chimney_service,home_service
chimney_sweep,home_service
contractor,home_service
altering_and_remodeling_contractor,home_service
building_contractor,home_service
flooring_contractors,home_service
paving_contractor,home_service
damage_restoration,home_service
fire_and_water_damage_restoration,home_service
artificial_turf,home_service
bathroom_remodeling,home_service
bathtub_and_sink_repairs,home_service
cabinet_sales_service,home_service
carpenter,home_service
carpet_cleaning,home_service
carpet_installation,home_service
childproofing,home_service
closet_remodeling,home_service
countertop_installation,home_service
deck_and_railing_sales_service,home_service
demolition_service,home_service
door_sales_service,home_service
drywall_services,home_service
electrician,home_service
excavation_service,home_service
exterior_design,home_service
fence_and_gate_sales_service,home_service
fire_protection_service,home_service
fireplace_service,home_service
firewood,home_service
foundation_repair,home_service
furniture_assembly,home_service
garage_door_service,home_service
glass_and_mirror_sales_service,home_service
grout_service,home_service
gutter_service,home_service
handyman,home_service
holiday_decorating,home_service
home_automation,home_service
home_cleaning,home_service
home_energy_auditor,home_service
home_inspector,home_service
home_network_installation,home_service
home_security,home_service
home_window_tinting,home_service
house_sitting,home_service
hvac_services,home_service
insulation_installation,home_service
interior_design,home_service
irrigation,home_service
key_and_locksmith,home_service
kitchen_remodeling,home_service
lighting_fixtures_and_equipment,home_service
masonry_concrete,home_service
mobile_home_repair,home_service
movers,home_service
packing_services,home_service
painting,home_service
patio_covers,home_service
plasterer,home_service
pool_and_hot_tub_services,home_service
pool_cleaning,home_service
pressure_washing,home_service
refinishing_services,home_service
security_systems,home_service
shades_and_blinds,home_service
shutters,home_service
siding,home_service
solar_installation,home_service
solar_panel_cleaning,home_service
structural_engineer,home_service
stucco_services,home_service
television_service_providers,home_service
tiling,home_service
wallpaper_installers,home_service
washer_and_dryer_repair_service,home_service
water_heater_installation_repair,home_service
water_purification_services,home_service
waterproofing,home_service
window_washing,home_service
landscaping,home_service
gardener,home_service
landscape_architect,home_service
lawn_service,home_service
tree_services,home_service
plumbing,home_service
backflow_services,home_service
windows_installation,home_service
skylight_installation,home_service
professional_services,professional_services
cleaning_services,professional_services
industrial_cleaning_services,professional_services
janitorial_services,professional_services
office_cleaning,professional_services
construction_services,professional_services
blueprinters,professional_services
construction_management,professional_services
inspection_services,professional_services
road_contractor,professional_services
wind_energy,professional_services
engineering_services,professional_services
civil_engineers,professional_services
instrumentation_engineers,professional_services
mechanical_engineers,professional_services
metal_materials_and_experts,professional_services
blacksmiths,professional_services
ironworkers,professional_services
welders,professional_services
stone_and_masonry,professional_services
gravel_professionals,professional_services
lime_professionals,professional_services
marble_and_granite_professionals,professional_services
masonry_contractors,professional_services
lawyer,professional_services
estate_planning_law,professional_services
wills_trusts_and_probate,professional_services
appellate_practice_lawyers,professional_services
bankruptcy_law,professional_services
business_law,professional_services
civil_rights_lawyers,professional_services
contract_law,professional_services
criminal_defense_law,professional_services
disability_law,professional_services
divorce_and_family_law,professional_services
dui_law,professional_services
employment_law,professional_services
entertainment_law,professional_services
general_litigation,professional_services
immigration_law,professional_services
ip_and_internet_law,professional_services
medical_law,professional_services
paralegal_services,professional_services
personal_injury_law,professional_services
real_estate_law,professional_services
social_security_law,professional_services
tax_law,professional_services
traffic_ticketing_law,professional_services
workers_compensation_law,professional_services
event_planning,professional_services
balloon_services,professional_services
bartender,professional_services
boat_charter,professional_services
caricature,professional_services
caterer,professional_services
clown,professional_services
dj_service,professional_services
event_technology_service,professional_services
face_painting,professional_services
floral_designer,professional_services
game_truck_rental,professional_services
golf_cart_rental,professional_services
henna_artist,professional_services
kids_recreation_and_party,professional_services
magician,professional_services
mohel,professional_services
musician,professional_services
officiating_services,professional_services
party_and_event_planning,professional_services
party_bike_rental,professional_services
party_bus_rental,professional_services
party_character,professional_services
personal_chef,professional_services
photo_booth_rental,professional_services
silent_disco,professional_services
sommelier_service,professional_services
team_building_activity,professional_services
trivia_host,professional_services
valet_service,professional_services
venue_and_event_space,professional_services
videographer,professional_services
wedding_chapel,professional_services
wedding_planning,professional_services
party_equipment_rental,professional_services
audiovisual_equipment_rental,professional_services
bounce_house_rental,professional_services
karaoke_rental,professional_services
photographer,professional_services
boudoir_photography,professional_services
event_photography,professional_services
session_photography,professional_services
funeral_services_and_cemeteries,professional_services
cremation_services,professional_services
mortuary_services,professional_services
internet_service_provider,professional_services
web_hosting_service,professional_services
it_service_and_computer_repair,professional_services
data_recovery,professional_services
it_consultant,professional_services
it_support_and_service,professional_services
mobile_phone_repair,professional_services
telecommunications,professional_services
junk_removal_and_hauling,professional_services
dumpster_rentals,professional_services
laundry_services,professional_services
dry_cleaning,professional_services
laundromat,professional_services
legal_services,professional_services
court_reporter,professional_services
process_servers,professional_services
musical_instrument_services,professional_services
piano_services,professional_services
vocal_coach,professional_services
3d_printing_service,professional_services
acoustical_consultant,professional_services
adoption_services,professional_services
advertising_agency,professional_services
copywriting_service,professional_services
internet_marketing_service,professional_services
merchandising_service,professional_services
social_media_agency,professional_services
after_school_program,professional_services
bank_equipment_service,professional_services
air_duct_cleaning_service,professional_services
antenna_service,professional_services
appliance_repair_service,professional_services
appraisal_services,professional_services
architect,professional_services
architectural_designer,professional_services
art_restoration_service,professional_services
awning_supplier,professional_services
bail_bonds_service,professional_services
bike_repair_maintenance,professional_services
billing_services,professional_services
bookbinding,professional_services
bookkeeper,professional_services
bus_rentals,professional_services
business_consulting,professional_services
calligraphy,professional_services
car_broker,professional_services
career_counseling,professional_services
carpet_dyeing,professional_services
cemeteries,professional_services
certification_agency,professional_services
child_care_and_day_care,professional_services
day_care_preschool,professional_services
clock_repair_service,professional_services
commercial_printer,professional_services
commercial_refrigeration,professional_services
commissioned_artist,professional_services
community_book_boxes,professional_services
community_gardens,professional_services
computer_hardware_company,professional_services
courier_and_delivery_services,professional_services
crane_services,professional_services
customs_broker,professional_services
delegated_driver_service,professional_services
diamond_dealer,professional_services
digitizing_services,professional_services
donation_center,professional_services
duplication_services,professional_services
e_commerce_service,professional_services
editorial_services,professional_services
elder_care_planning,professional_services
electrical_consultant,professional_services
electronics_repair_shop,professional_services
elevator_service,professional_services
emergency_service,professional_services
employment_agencies,professional_services
temp_agency,professional_services
engraving,professional_services
environmental_abatement_services,professional_services
environmental_testing,professional_services
farm_equipment_repair_service,professional_services
feng_shui,professional_services
fingerprinting_service,professional_services
food_and_beverage_consultant,professional_services
forestry_service,professional_services
fortune_telling_service,professional_services
furniture_rental_service,professional_services
furniture_repair,professional_services
furniture_reupholstery,professional_services
genealogists,professional_services
generator_installation_repair,professional_services
goldsmith,professional_services
graphic_designer,professional_services
gunsmith,professional_services
hazardous_waste_disposal,professional_services
hydraulic_repair_service,professional_services
hydro_jetting,professional_services
ice_supplier,professional_services
immigration_assistance_services,professional_services
indoor_landscaping,professional_services
jewelry_repair_service,professional_services
junkyard,professional_services
knife_sharpening,professional_services
laboratory,professional_services
lawn_mower_repair_service,professional_services
life_coach,professional_services
lottery_ticket,professional_services
machine_and_tool_rentals,professional_services
machine_shop,professional_services
mailbox_center,professional_services
marketing_agency,professional_services
matchmaker,professional_services
mediator,professional_services
metal_detector_services,professional_services
misting_system_services,professional_services
mobility_equipment_services,professional_services
mooring_service,professional_services
music_production_services,professional_services
nanny_services,professional_services
notary_public,professional_services
package_locker,professional_services
packaging_contractors_and_service,professional_services
patent_law,professional_services
payroll_services,professional_services
personal_assistant,professional_services
pest_control_service,professional_services
powder_coating_service,professional_services
printing_services,professional_services
private_investigation,professional_services
product_design,professional_services
propane_supplier,professional_services
public_adjuster,professional_services
public_relations,professional_services
record_label,professional_services
recording_and_rehearsal_studio,professional_services
recycling_center,professional_services
sandblasting_service,professional_services
screen_printing_t_shirt_printing,professional_services
security_services,professional_services
septic_services,professional_services
shipping_center,professional_services
shoe_repair,professional_services
shoe_shining_service,professional_services
shredding_services,professional_services
sign_making,professional_services
snow_removal_service,professional_services
snuggle_service,professional_services
software_development,professional_services
talent_agency,professional_services
taxidermist,professional_services
telephone_services,professional_services
tenant_and_eviction_law,professional_services
tent_house_supplier,professional_services
translation_services,professional_services
tv_mounting,professional_services
typing_services,professional_services
video_film_production,professional_services
watch_repair_service,professional_services
water_delivery,professional_services
web_designer,professional_services
well_drilling,professional_services
wildlife_control,professional_services
writing_service,professional_services
storage_facility,professional_services
rv_and_boat_storage_facility,professional_services
boat_storage_facility,professional_services
rv_storage_facility,professional_services
self_storage_facility,professional_services
sewing_and_alterations,professional_services
gents_tailor,professional_services
utility_service,professional_services
electricity_supplier,professional_services
garbage_collection_service,professional_services
natural_gas_supplier,professional_services
public_phones,professional_services
public_restrooms,professional_services
water_supplier,professional_services
structure_and_geography,structure_and_geography
bridge,structure_and_geography
canal,structure_and_geography
dam,structure_and_geography
desert,structure_and_geography
forest,structure_and_geography
geologic_formation,structure_and_geography
island,structure_and_geography
mountain,structure_and_geography
natural_hot_springs,structure_and_geography
nature_reserve,structure_and_geography
pier,structure_and_geography
public_plaza,structure_and_geography
quay,structure_and_geography
river,structure_and_geography
skyscraper,structure_and_geography
tower,structure_and_geography
weir,structure_and_geography
